{
    "data": [
    	{
            "id": 1,
    		"title": "All Day Event",
    		"start": "2020-07-05",
			"end": "2020-07-05"
    	},
    	{
            "id": 2,
    		"title": "Inicio Jornada",
    		"start": "2020-07-07T08:30:00"
    	},
		{
			"id": 3,
			"title": "Fin Jornada",
			"start": "2020-07-07T17:30:00"
		},
    	{
            "id": 4,
    		"title": "Meeting",
    		"start": "2020-07-06T10:30:00",
    		"end": "2016-07-06T12:30:00"
    	},
    	{
            "id": 5,
    		"title": "Lunch",
    		"start": "2020-07-04T12:00:00"
    	},
    	{
            "id": 6,
    		"title": "Birthday Party",
    		"start": "2020-07-01T07:00:00"
    	},
    	{
            "id": 7,
    		"title": "Click for Google",
    		"url": "http://google.com/",
			"start": "2020-07-09T10:30:00",
			"end": "2016-07-09T12:30:00"
    	}
    ]
}
