{
  "data": [
    {
      "label": "align-center",
      "value": "pi pi-pi pi-align-center"
    },
    {
      "label": "align-justify",
      "value": "pi pi-pi pi-align-justify"
    },
    {
      "label": "align-left",
      "value": "pi pi-align-left"
    },
    {
      "label": "align-right",
      "value": "pi pi-align-right"
    },
    {
      "label": "android",
      "value": "pi pi-android"
    },
    {
      "label": "angle-double-down",
      "value": "pi pi-angle-double-down"
    },
    {
      "label": "angle-double-left",
      "value": "pi pi-angle-double-left"
    },
    {
      "label": "angle-double-right",
      "value": "pi pi-angle-double-right"
    },
    {
      "label": "angle-double-up",
      "value": "pi pi-angle-double-up"
    },
    {
      "label": "angle-down",
      "value": "pi pi-angle-down"
    },
    {
      "label": "angle-left",
      "value": "pi pi-angle-left"
    },
    {
      "label": "angle-right",
      "value": "pi pi-angle-right"
    },
    {
      "label": "angle-up",
      "value": "pi pi-angle-up"
    },
    {
      "label": "apple",
      "value": "pi pi-apple"
    },
    {
      "label": "arrow-circle-down",
      "value": "pi pi-arrow-circle-down"
    },
    {
      "label": "arrow-circle-left",
      "value": "pi pi-arrow-circle-left"
    },
    {
      "label": "arrow-circle-right",
      "value": "pi pi-arrow-circle-right"
    },
    {
      "label": "arrow-circle-up",
      "value": "pi pi-arrow-circle-up"
    },
    {
      "label": "arrow-down",
      "value": "pi pi-arrow-down"
    },
    {
      "label": "arrow-left",
      "value": "pi pi-arrow-left"
    },
    {
      "label": "arrow-right",
      "value": "pi pi-arrow-right"
    },
    {
      "label": "arrow-up",
      "value": "pi pi-arrow-up"
    },
    {
      "label": "backward",
      "value": "pi pi-backward"
    },
    {
      "label": "ban",
      "value": "pi pi-ban"
    },
    {
      "label": "bars",
      "value": "pi pi-bars"
    },
    {
      "label": "bell",
      "value": "pi pi-bell"
    },
    {
      "label": "bookmark",
      "value": "pi pi-bookmark"
    },
    {
      "label": "briefcase",
      "value": "pi pi-briefcase"
    },
    {
      "label": "calendar",
      "value": "pi pi-calendar"
    },
    {
      "label": "calendar-minus",
      "value": "pi pi-calendar-minus"
    },
    {
      "label": "calendar-plus",
      "value": "pi pi-calendar-plus"
    },
    {
      "label": "calendar-times",
      "value": "pi pi-calendar-times"
    },
    {
      "label": "camera",
      "value": "pi pi-camera"
    },
    {
      "label": "caret-down",
      "value": "pi pi-caret-down"
    },
    {
      "label": "caret-left",
      "value": "pi pi-caret-left"
    },
    {
      "label": "caret-right",
      "value": "pi pi-caret-right"
    },
    {
      "label": "caret-up",
      "value": "pi pi-caret-up"
    },
    {
      "label": "chart-bar",
      "value": "pi pi-chart-bar"
    },
    {
      "label": "chart-line",
      "value": "pi pi-chart-line"
    },
    {
      "label": "check",
      "value": "pi pi-check"
    },
    {
      "label": "check-circle",
      "value": "pi pi-check-circle"
    },
    {
      "label": "check-square",
      "value": "pi pi-check-square"
    },
    {
      "label": "chevron-circle-down",
      "value": "pi pi-chevron-circle-down"
    },
    {
      "label": "chevron-circle-left",
      "value": "pi pi-chevron-circle-left"
    },
    {
      "label": "chevron-circle-right",
      "value": "pi pi-chevron-circle-right"
    },
    {
      "label": "chevron-circle-up",
      "value": "pi pi-chevron-circle-up"
    },
    {
      "label": "chevron-down",
      "value": "pi pi-chevron-down"
    },
    {
      "label": "chevron-left",
      "value": "pi pi-chevron-left"
    },
    {
      "label": "chevron-right",
      "value": "pi pi-chevron-right"
    },
    {
      "label": "chevron-up",
      "value": "pi pi-chevron-up"
    },
    {
      "label": "circle-off",
      "value": "pi pi-circle-off"
    },
    {
      "label": "circle-on",
      "value": "pi pi-circle-on"
    },
    {
      "label": "clock",
      "value": "pi pi-clock"
    },
    {
      "label": "clone",
      "value": "pi pi-clone"
    },
    {
      "label": "cloud",
      "value": "pi pi-cloud"
    },
    {
      "label": "cloud-download",
      "value": "pi pi-cloud-download"
    },
    {
      "label": "cloud-upload",
      "value": "pi pi-cloud-upload"
    },
    {
      "label": "cog",
      "value": "pi pi-cog"
    },
    {
      "label": "comment",
      "value": "pi pi-comment"
    },
    {
      "label": "comments",
      "value": "pi pi-comments"
    },
    {
      "label": "compass",
      "value": "pi pi-compass"
    },
    {
      "label": "copy",
      "value": "pi pi-copy"
    },
    {
      "label": "desktop",
      "value": "pi pi-desktop"
    },
    {
      "label": "directions",
      "value": "pi pi-directions"
    },
    {
      "label": "directions-alt",
      "value": "pi pi-directions-alt"
    },
    {
      "label": "dollar",
      "value": "pi pi-dollar"
    },
    {
      "label": "download",
      "value": "pi pi-download"
    },
    {
      "label": "eject",
      "value": "pi pi-eject"
    },
    {
      "label": "ellipsis-h",
      "value": "pi pi-ellipsis-h"
    },
    {
      "label": "ellipsis-v",
      "value": "pi pi-ellipsis-v"
    },
    {
      "label": "envelope",
      "value": "pi pi-envelope"
    },
    {
      "label": "exclamation-circle",
      "value": "pi pi-exclamation-circle"
    },
    {
      "label": "exclamation-triangle",
      "value": "pi pi-exclamation-triangle"
    },
    {
      "label": "external-link",
      "value": "pi pi-external-link"
    },
    {
      "label": "eye",
      "value": "pi pi-eye"
    },
    {
      "label": "eye-slash",
      "value": "pi pi-eye-slash"
    },
    {
      "label": "fast-backward",
      "value": "pi pi-fast-backward"
    },
    {
      "label": "fast-forward",
      "value": "pi pi-fast-forward"
    },
    {
      "label": "file",
      "value": "pi pi-file"
    },
    {
      "label": "file-excel",
      "value": "pi pi-file-excel"
    },
    {
      "label": "file-o",
      "value": "pi pi-file-o"
    },
    {
      "label": "file-pdf",
      "value": "pi pi-file-pdf"
    },
    {
      "label": "filter",
      "value": "pi pi-filter"
    },
    {
      "label": "folder",
      "value": "pi pi-folder"
    },
    {
      "label": "folder-open",
      "value": "pi pi-folder-open"
    },
    {
      "label": "forward",
      "value": "pi pi-forward"
    },
    {
      "label": "globe",
      "value": "pi pi-globe"
    },
    {
      "label": "google",
      "value": "pi pi-google"
    },
    {
      "label": "heart",
      "value": "pi pi-heart"
    },
    {
      "label": "home",
      "value": "pi pi-home"
    },
    {
      "label": "id-card",
      "value": "pi pi-id-card"
    },
    {
      "label": "image",
      "value": "pi pi-image"
    },
    {
      "label": "images",
      "value": "pi pi-images"
    },
    {
      "label": "inbox",
      "value": "pi pi-inbox"
    },
    {
      "label": "info",
      "value": "pi pi-info"
    },
    {
      "label": "info-circle",
      "value": "pi pi-info-circle"
    },
    {
      "label": "key",
      "value": "pi pi-key"
    },
    {
      "label": "list",
      "value": "pi pi-list"
    },
    {
      "label": "lock",
      "value": "pi pi-lock"
    },
    {
      "label": "lock-open",
      "value": "pi pi-lock-open"
    },
    {
      "label": "map-marker",
      "value": "pi pi-map-marker"
    },
    {
      "label": "microsoft",
      "value": "pi pi-microsoft"
    },
    {
      "label": "minus",
      "value": "pi pi-minus"
    },
    {
      "label": "minus-circle",
      "value": "pi pi-minus-circle"
    },
    {
      "label": "mobile",
      "value": "pi pi-mobile"
    },
    {
      "label": "money-bill",
      "value": "pi pi-money-bill"
    },
    {
      "label": "palette",
      "value": "pi pi-palette"
    },
    {
      "label": "paperclip",
      "value": "pi pi-paperclip"
    },
    {
      "label": "pause",
      "value": "pi pi-pause"
    },
    {
      "label": "pencil",
      "value": "pi pi-pencil"
    },
    {
      "label": "play",
      "value": "pi pi-play"
    },
    {
      "label": "plus",
      "value": "pi pi-plus"
    },
    {
      "label": "plus-circle",
      "value": "pi pi-plus-circle"
    },
    {
      "label": "power-off",
      "value": "pi pi-power-off"
    },
    {
      "label": "print",
      "value": "pi pi-print"
    },
    {
      "label": "question",
      "value": "pi pi-question"
    },
    {
      "label": "question-circle",
      "value": "pi pi-question-circle"
    },
    {
      "label": "refresh",
      "value": "pi pi-refresh"
    },
    {
      "label": "replay",
      "value": "pi pi-replay"
    },
    {
      "label": "reply",
      "value": "pi pi-reply"
    },
    {
      "label": "save",
      "value": "pi pi-save"
    },
    {
      "label": "search",
      "value": "pi pi-search"
    },
    {
      "label": "search-minus",
      "value": "pi pi-search-minus"
    },
    {
      "label": "search-plus",
      "value": "pi pi-search-plus"
    },
    {
      "label": "share-alt",
      "value": "pi pi-share-alt"
    },
    {
      "label": "shopping-cart",
      "value": "pi pi-shopping-cart"
    },
    {
      "label": "sign-in",
      "value": "pi pi-sign-in"
    },
    {
      "label": "sign-out",
      "value": "pi pi-sign-out"
    },
    {
      "label": "sitemap",
      "value": "pi pi-sitemap"
    },
    {
      "label": "sliders-h",
      "value": "pi pi-sliders-h"
    },
    {
      "label": "sliders-v",
      "value": "pi pi-sliders-v"
    },
    {
      "label": "sort",
      "value": "pi pi-sort"
    },
    {
      "label": "sort-alpha-down",
      "value": "pi pi-sort-alpha-down"
    },
    {
      "label": "sort-alpha-down-alt",
      "value": "pi pi-sort-alpha-down-alt"
    },
    {
      "label": "sort-alpha-up",
      "value": "pi pi-sort-alpha-up"
    },
    {
      "label": "sort-alpha-up-alt",
      "value": "pi pi-sort-alpha-up-alt"
    },
    {
      "label": "sort-alt",
      "value": "pi pi-sort-alt"
    },
    {
      "label": "sort-amount-down",
      "value": "pi pi-sort-amount-down"
    },
    {
      "label": "sort-amount-down-alt",
      "value": "pi pi-sort-amount-down-alt"
    },
    {
      "label": "sort-amount-up",
      "value": "pi pi-sort-amount-up"
    },
    {
      "label": "sort-amount-up-alt",
      "value": "pi pi-sort-amount-up-alt"
    },
    {
      "label": "sort-down",
      "value": "pi pi-sort-down"
    },
    {
      "label": "sort-numeric-down",
      "value": "pi pi-sort-numeric-down"
    },
    {
      "label": "sort-numeric-down-alt",
      "value": "pi pi-sort-numeric-down-alt"
    },
    {
      "label": "sort-numeric-up",
      "value": "pi pi-sort-numeric-up"
    },
    {
      "label": "sort-numeric-up-alt",
      "value": "pi pi-sort-numeric-up-alt"
    },
    {
      "label": "sort-up",
      "value": "pi pi-sort-up"
    },
    {
      "label": "spinner",
      "value": "pi pi-spinner"
    },
    {
      "label": "star",
      "value": "pi pi-star"
    },
    {
      "label": "star-o",
      "value": "pi pi-star-o"
    },
    {
      "label": "step-backward",
      "value": "pi pi-step-backward"
    },
    {
      "label": "step-backward-alt",
      "value": "pi pi-step-backward-alt"
    },
    {
      "label": "step-forward",
      "value": "pi pi-step-forward"
    },
    {
      "label": "step-forward-alt",
      "value": "pi pi-step-forward-alt"
    },
    {
      "label": "table",
      "value": "pi pi-table"
    },
    {
      "label": "tablet",
      "value": "pi pi-tablet"
    },
    {
      "label": "tag",
      "value": "pi pi-tag"
    },
    {
      "label": "tags",
      "value": "pi pi-tags"
    },
    {
      "label": "th-large",
      "value": "pi pi-th-large"
    },
    {
      "label": "thumbs-down",
      "value": "pi pi-thumbs-down"
    },
    {
      "label": "thumbs-up",
      "value": "pi pi-thumbs-up"
    },
    {
      "label": "ticket",
      "value": "pi pi-ticket"
    },
    {
      "label": "times",
      "value": "pi pi-times"
    },
    {
      "label": "times-circle",
      "value": "pi pi-times-circle"
    },
    {
      "label": "trash",
      "value": "pi pi-trash"
    },
    {
      "label": "undo",
      "value": "pi pi-undo"
    },
    {
      "label": "unlock",
      "value": "pi pi-unlock"
    },
    {
      "label": "upload",
      "value": "pi pi-upload"
    },
    {
      "label": "user",
      "value": "pi pi-user"
    },
    {
      "label": "user-edit",
      "value": "pi pi-user-edit"
    },
    {
      "label": "user-minus",
      "value": "pi pi-user-minus"
    },
    {
      "label": "user-plus",
      "value": "pi pi-user-plus"
    },
    {
      "label": "users",
      "value": "pi pi-users"
    },
    {
      "label": "video",
      "value": "pi pi-video"
    },
    {
      "label": "volume-down",
      "value": "pi pi-volume-down"
    },
    {
      "label": "volume-off",
      "value": "pi pi-volume-off"
    },
    {
      "label": "volume-up",
      "value": "pi pi-volume-up"
    },
    {
      "label": "wifi",
      "value": "pi pi-wifi"
    },
    {
      "label": "window-maximize",
      "value": "pi pi-window-maximize"
    },
    {
      "label": "window-minimize",
      "value": "pi pi-window-minimize"
    }
  ]
}