{
    "extends": "tslint:recommended",
    "rules": {
      "align": {
        "options": [
          "parameters",
          "statements"
        ]
      },
        "variable-name": [
            false,
            "ban-keywords",
            "check-format",
            "allow-leading-underscore",
            "allow-pascal-case"
        ],
        "array-type": false,
        "arrow-return-shorthand": true,
        "arrow-parens": false,
        "deprecation": {
            "severity": "warn"
        },
        "component-class-suffix": true,
        "curly": true,
        "contextual-lifecycle": true,
        "directive-class-suffix": true,
        "directive-selector": [
            true,
            "attribute",
            "app",
            "camelCase"
        ],
        "eofline": true,
        "component-selector": [
            true,
            "element",
            "app",
            "kebab-case"
        ],
        "import-spacing": true,
        "indent": {
          "options": [
            "spaces"
          ]
        },
        "import-blacklist": [
            true,
            "rxjs/Rx"
        ],
        "interface-name": false,
        "max-classes-per-file": false,
        "max-line-length": [
            true,
            140
        ],
        "member-access": false,
        "member-ordering": [
            true,
            {
                "order": [
                    "static-field",
                    "instance-field",
                    "static-method",
                    "instance-method"
                ]
            }
        ],
        "no-consecutive-blank-lines": false,
        "no-console": [
            true,
            "debug",
            "info",
            "time",
            "timeEnd",
            "trace"
        ],
        "no-empty": false,
        "no-inferrable-types": [
            true,
            "ignore-params"
        ],
        "no-non-null-assertion": true,
        "no-redundant-jsdoc": true,
        "no-string-literal": false, // valor por defecto true
        "no-switch-case-fall-through": true,
        "no-var-requires": false,
        "object-literal-key-quotes": [
            false, // valor por defecto true
            "as-needed"
        ],
        "object-literal-sort-keys": false,
        "ordered-imports": false,
        "quotemark": [
            true,
            "single"
        ],
        "trailing-comma": false,
        "no-conflicting-lifecycle": true,
        "no-host-metadata-property": true,
        "no-input-rename": true,
        "no-inputs-metadata-property": true,
        "no-output-native": true,
        "no-output-on-prefix": true,
        "semicolon": {
          "options": [
            "always"
          ]
        },
        "space-before-function-paren": {
          "options": {
            "anonymous": "never",
            "asyncArrow": "always",
            "constructor": "never",
            "method": "never",
            "named": "never"
          }
        },
        "no-output-rename": true,
        "no-outputs-metadata-property": true,
        "template-banana-in-box": true,
        "typedef-whitespace": {
          "options": [
            {
              "call-signature": "nospace",
              "index-signature": "nospace",
              "parameter": "nospace",
              "property-declaration": "nospace",
              "variable-declaration": "nospace"
            },
            {
              "call-signature": "onespace",
              "index-signature": "onespace",
              "parameter": "onespace",
              "property-declaration": "onespace",
              "variable-declaration": "onespace"
            }
          ]
        },
        "template-no-negated-async": true,
        "use-lifecycle-interface": true,
        "use-pipe-transform-interface": true,
        "whitespace": {
          "options": [
            "check-branch",
            "check-decl",
            "check-operator",
            "check-separator",
            "check-type",
            "check-typecast"
          ]
        }
    },
    "rulesDirectory": [
        "codelyzer"
    ]
}
